timestamp,L_raw,R_raw,L_norm,R_norm,L_smooth,R_smooth,anomaly
1751358376.3451235,0,0,0.00,0.00,0.00,0.00,False
1751358376.6237614,0,0,0.00,0.00,0.00,0.00,False
1751358376.8358803,0,0,0.00,0.00,0.00,0.00,False
1751358377.0080616,0,0,0.00,0.00,0.00,0.00,False
1751358377.2675648,0,0,0.00,0.00,0.00,0.00,False
1751358377.461247,0,0,0.00,0.00,0.00,0.00,False
1751358377.6750617,0,0,0.00,0.00,0.00,0.00,False
1751358377.8766973,0,0,0.00,0.00,0.00,0.00,False
1751358378.0756052,0,0,0.00,0.00,0.00,0.00,False
1751358378.2660923,0,0,0.00,0.00,0.00,0.00,False
1751358378.4448392,0,0,0.00,0.00,0.00,0.00,False
1751358378.6511202,0,0,0.00,0.00,0.00,0.00,False
1751358378.806937,0,0,0.00,0.00,0.00,0.00,False
1751358378.9155955,0,0,0.00,0.00,0.00,0.00,False
1751358379.0532389,0,0,0.00,0.00,0.00,0.00,False
1751358379.1955202,0,0,0.00,0.00,0.00,0.00,False
1751358379.302495,0,0,0.00,0.00,0.00,0.00,False
1751358379.459157,0,0,0.00,0.00,0.00,0.00,False
1751358379.8412776,0,0,0.00,0.00,0.00,0.00,False
1751358380.06818,0,0,0.00,0.00,0.00,0.00,False
1751358380.2203507,0,0,0.00,0.00,0.00,0.00,False
1751358380.3753536,0,0,0.00,0.00,0.00,0.00,False
1751358380.5116405,0,0,0.00,0.00,0.00,0.00,False
1751358380.6298954,0,0,0.00,0.00,0.00,0.00,False
1751358380.7600312,0,0,0.00,0.00,0.00,0.00,False
1751358380.8700833,0,0,0.00,0.00,0.00,0.00,False
1751358380.9659538,0,0,0.00,0.00,0.00,0.00,False
1751358381.0710006,0,0,0.00,0.00,0.00,0.00,False
1751358381.1689868,0,0,0.00,0.00,0.00,0.00,False
1751358381.263732,0,0,0.00,0.00,0.00,0.00,False
1751358381.35805,0,0,0.00,0.00,0.00,0.00,False
1751358381.4585128,0,0,0.00,0.00,0.00,0.00,False
1751358381.5477266,0,0,0.00,0.00,0.00,0.00,False
1751358381.6362875,0,0,0.00,0.00,0.00,0.00,False
1751358381.720906,0,0,0.00,0.00,0.00,0.00,False
1751358381.8237064,0,0,0.00,0.00,0.00,0.00,False
1751358381.9198043,0,0,0.00,0.00,0.00,0.00,False
1751358382.022489,0,0,0.00,0.00,0.00,0.00,False
1751358382.1226203,0,0,0.00,0.00,0.00,0.00,False
1751358382.2503204,0,0,0.00,0.00,0.00,0.00,False
1751358382.361834,0,0,0.00,0.00,0.00,0.00,False
1751358382.4914076,0,0,0.00,0.00,0.00,0.00,False
1751358382.592497,0,0,0.00,0.00,0.00,0.00,False
1751358382.7271256,11.768702507019043,6.082862854003906,1.54,0.83,1.54,0.83,True
1751358382.969746,9.219644546508789,8.558721542358398,1.21,1.17,1.37,1.00,False
1751358383.1578536,11.180439949035645,8.139510154724121,1.46,1.11,1.40,1.04,True
1751358383.321612,16.124614715576172,9.34087085723877,2.11,1.28,1.58,1.10,True
1751358383.4931078,7.017934322357178,8.631438255310059,0.92,1.18,1.45,1.12,True
1751358383.6480277,10.547611236572266,10.111974716186523,1.38,1.38,1.41,1.23,True
1751358383.7869124,10.547611236572266,10.210878372192383,1.38,1.40,1.45,1.27,True
1751358383.912527,10.547611236572266,11.683745384216309,1.38,1.60,1.43,1.37,True
1751358384.023322,10.606701850891113,17.564268112182617,1.39,2.40,1.29,1.59,True
1751358384.1683443,10.111974716186523,18.110870361328125,1.32,2.48,1.37,1.85,True
1751358384.2948143,9.823541641235352,18.741764068603516,1.28,2.57,1.35,2.09,True
1751358384.4143305,0,0,0.00,0.00,0.00,0.00,False
1751358384.5276873,0,0,0.00,0.00,0.00,0.00,False
1751358384.6549823,0,0,0.00,0.00,0.00,0.00,False
1751358384.763771,0,0,0.00,0.00,0.00,0.00,False
1751358384.8744967,0,0,0.00,0.00,0.00,0.00,False
1751358384.973265,0,0,0.00,0.00,0.00,0.00,False
1751358385.071008,0,0,0.00,0.00,0.00,0.00,False
1751358385.1757133,0,0,0.00,0.00,0.00,0.00,False
1751358385.2903697,0,0,0.00,0.00,0.00,0.00,False
1751358385.3981414,0,0,0.00,0.00,0.00,0.00,False
1751358385.5118349,0,0,0.00,0.00,0.00,0.00,False
1751358385.6225536,0,0,0.00,0.00,0.00,0.00,False
1751358385.7847705,0,0,0.00,0.00,0.00,0.00,False
1751358385.9156306,0,0,0.00,0.00,0.00,0.00,False
1751358386.0433462,0,0,0.00,0.00,0.00,0.00,False
1751358386.1607893,0,0,0.00,0.00,0.00,0.00,False
1751358386.254998,0,0,0.00,0.00,0.00,0.00,False
1751358386.3598096,0,0,0.00,0.00,0.00,0.00,False
1751358386.4674907,0,0,0.00,0.00,0.00,0.00,False
1751358386.5678842,0,0,0.00,0.00,0.00,0.00,False
1751358386.6724472,0,0,0.00,0.00,0.00,0.00,False
1751358386.7779126,0,0,0.00,0.00,0.00,0.00,False
1751358386.891492,0,0,0.00,0.00,0.00,0.00,False
1751358386.991415,0,0,0.00,0.00,0.00,0.00,False
1751358387.0942557,0,0,0.00,0.00,0.00,0.00,False
1751358387.2009678,0,0,0.00,0.00,0.00,0.00,False
1751358387.3007393,0,0,0.00,0.00,0.00,0.00,False
1751358387.4038162,0,0,0.00,0.00,0.00,0.00,False
1751358387.4991915,0,0,0.00,0.00,0.00,0.00,False
1751358387.5835116,0,0,0.00,0.00,0.00,0.00,False
1751358387.6725686,0,0,0.00,0.00,0.00,0.00,False
1751358387.771462,0,0,0.00,0.00,0.00,0.00,False
1751358387.8812075,0,0,0.00,0.00,0.00,0.00,False
1751358387.9909873,0,0,0.00,0.00,0.00,0.00,False
1751358388.105245,0,0,0.00,0.00,0.00,0.00,False
1751358388.2145407,0,0,0.00,0.00,0.00,0.00,False
1751358388.3878212,0,0,0.00,0.00,0.00,0.00,False
1751358388.5226393,0,0,0.00,0.00,0.00,0.00,False
1751358388.6588285,0,0,0.00,0.00,0.00,0.00,False
1751358388.826329,0,0,0.00,0.00,0.00,0.00,False
1751358388.9821975,0,0,0.00,0.00,0.00,0.00,False
1751358389.1627736,0,0,0.00,0.00,0.00,0.00,False
1751358389.324863,0,0,0.00,0.00,0.00,0.00,False
1751358389.4518275,0,0,0.00,0.00,0.00,0.00,False
1751358389.5815372,0,0,0.00,0.00,0.00,0.00,False
1751358389.774625,0,0,0.00,0.00,0.00,0.00,False
1751358389.931311,0,0,0.00,0.00,0.00,0.00,False
1751358390.0755558,0,0,0.00,0.00,0.00,0.00,False
1751358390.2198832,0,0,0.00,0.00,0.00,0.00,False
1751358390.3605583,0,0,0.00,0.00,0.00,0.00,False
1751358390.5363083,0,0,0.00,0.00,0.00,0.00,False
1751358390.6680124,0,0,0.00,0.00,0.00,0.00,False
1751358390.8032334,0,0,0.00,0.00,0.00,0.00,False
1751358390.9278984,0,0,0.00,0.00,0.00,0.00,False
1751358391.1120586,0,0,0.00,0.00,0.00,0.00,False
1751358391.2404022,0,0,0.00,0.00,0.00,0.00,False
1751358391.3760865,0,0,0.00,0.00,0.00,0.00,False
1751358391.5353482,0,0,0.00,0.00,0.00,0.00,False
1751358391.708833,0,0,0.00,0.00,0.00,0.00,False
1751358391.8976738,0,0,0.00,0.00,0.00,0.00,False
1751358392.0658865,0,0,0.00,0.00,0.00,0.00,False
1751358392.236304,0,0,0.00,0.00,0.00,0.00,False
1751358392.3942592,0,0,0.00,0.00,0.00,0.00,False
1751358392.5707226,0,0,0.00,0.00,0.00,0.00,False
1751358392.9117332,0,0,0.00,0.00,0.00,0.00,False
1751358393.2381651,0,0,0.00,0.00,0.00,0.00,False
1751358393.4310124,0,0,0.00,0.00,0.00,0.00,False
1751358393.6093814,0,0,0.00,0.00,0.00,0.00,False
1751358393.8080978,0,0,0.00,0.00,0.00,0.00,False
1751358393.9749143,0,0,0.00,0.00,0.00,0.00,False
1751358394.1337597,0,0,0.00,0.00,0.00,0.00,False
1751358394.2908964,0,0,0.00,0.00,0.00,0.00,False
1751358394.4383512,0,0,0.00,0.00,0.00,0.00,False
1751358394.835042,0,0,0.00,0.00,0.00,0.00,False
1751358395.0958683,0,0,0.00,0.00,0.00,0.00,False
1751358395.3424902,0,0,0.00,0.00,0.00,0.00,False
1751358395.509319,0,0,0.00,0.00,0.00,0.00,False
1751358395.6466475,0,0,0.00,0.00,0.00,0.00,False
1751358395.8154292,0,0,0.00,0.00,0.00,0.00,False
1751358395.944479,0,0,0.00,0.00,0.00,0.00,False
1751358396.0596037,0,0,0.00,0.00,0.00,0.00,False
1751358396.5355492,0,0,0.00,0.00,0.00,0.00,False
1751358396.7050142,0,0,0.00,0.00,0.00,0.00,False
1751358396.838515,0,0,0.00,0.00,0.00,0.00,False
1751358396.9848423,0,0,0.00,0.00,0.00,0.00,False
1751358397.1275773,0,0,0.00,0.00,0.00,0.00,False
1751358397.256928,0,0,0.00,0.00,0.00,0.00,False
1751358397.369306,0,0,0.00,0.00,0.00,0.00,False
1751358397.486695,0,0,0.00,0.00,0.00,0.00,False
1751358397.6039793,0,0,0.00,0.00,0.00,0.00,False
1751358397.714237,0,0,0.00,0.00,0.00,0.00,False
1751358397.840901,0,0,0.00,0.00,0.00,0.00,False
1751358397.951783,0,0,0.00,0.00,0.00,0.00,False
1751358398.0891922,0,0,0.00,0.00,0.00,0.00,False
1751358398.3312185,0,0,0.00,0.00,0.00,0.00,False
1751358398.4946182,0,0,0.00,0.00,0.00,0.00,False
1751358398.6475923,0,0,0.00,0.00,0.00,0.00,False
1751358398.8483667,0,0,0.00,0.00,0.00,0.00,False
1751358399.0410547,0,0,0.00,0.00,0.00,0.00,False
1751358399.263626,0,0,0.00,0.00,0.00,0.00,False
1751358399.451506,0,0,0.00,0.00,0.00,0.00,False
1751358399.5994904,0,0,0.00,0.00,0.00,0.00,False
1751358400.3129318,0,0,0.00,0.00,0.00,0.00,False
1751358400.602122,0,0,0.00,0.00,0.00,0.00,False
1751358400.7882285,0,0,0.00,0.00,0.00,0.00,False
1751358400.9223387,0,0,0.00,0.00,0.00,0.00,False
1751358401.0401564,0,0,0.00,0.00,0.00,0.00,False
1751358401.1608617,0,0,0.00,0.00,0.00,0.00,False
1751358401.275609,0,0,0.00,0.00,0.00,0.00,False
1751358401.396343,0,0,0.00,0.00,0.00,0.00,False
1751358401.5188923,0,0,0.00,0.00,0.00,0.00,False
1751358401.6228104,0,0,0.00,0.00,0.00,0.00,False
1751358401.730473,0,0,0.00,0.00,0.00,0.00,False
1751358401.864601,0,0,0.00,0.00,0.00,0.00,False
1751358401.9779217,0,0,0.00,0.00,0.00,0.00,False
1751358402.0786533,0,0,0.00,0.00,0.00,0.00,False
1751358402.184208,0,0,0.00,0.00,0.00,0.00,False
1751358402.2984705,0,0,0.00,0.00,0.00,0.00,False
1751358402.3994405,0,0,0.00,0.00,0.00,0.00,False
1751358402.497699,0,0,0.00,0.00,0.00,0.00,False
1751358402.5944395,0,0,0.00,0.00,0.00,0.00,False
1751358402.6968634,0,0,0.00,0.00,0.00,0.00,False
1751358402.8181598,0,0,0.00,0.00,0.00,0.00,False
1751358402.9407647,0,0,0.00,0.00,0.00,0.00,False
1751358403.0522053,0,0,0.00,0.00,0.00,0.00,False
1751358403.188918,0,0,0.00,0.00,0.00,0.00,False
1751358403.3145335,0,0,0.00,0.00,0.00,0.00,False
1751358403.427211,0,0,0.00,0.00,0.00,0.00,False
1751358403.539537,0,0,0.00,0.00,0.00,0.00,False
1751358403.6577957,0,0,0.00,0.00,0.00,0.00,False
1751358403.765125,0,0,0.00,0.00,0.00,0.00,False
1751358403.8970268,0,0,0.00,0.00,0.00,0.00,False
1751358404.0057418,0,0,0.00,0.00,0.00,0.00,False
1751358404.118184,0,0,0.00,0.00,0.00,0.00,False
1751358404.2258089,0,0,0.00,0.00,0.00,0.00,False
1751358404.336121,0,0,0.00,0.00,0.00,0.00,False
1751358404.4523056,0,0,0.00,0.00,0.00,0.00,False
1751358404.5610611,0,0,0.00,0.00,0.00,0.00,False
1751358404.6740894,0,0,0.00,0.00,0.00,0.00,False
1751358404.79436,0,0,0.00,0.00,0.00,0.00,False
1751358404.9051216,0,0,0.00,0.00,0.00,0.00,False
1751358405.0088863,0,0,0.00,0.00,0.00,0.00,False
1751358405.112607,0,0,0.00,0.00,0.00,0.00,False
1751358405.22234,0,0,0.00,0.00,0.00,0.00,False
1751358405.3401222,0,0,0.00,0.00,0.00,0.00,False
1751358405.4865074,0,0,0.00,0.00,0.00,0.00,False
1751358405.6128836,0,0,0.00,0.00,0.00,0.00,False
1751358405.744587,0,0,0.00,0.00,0.00,0.00,False
1751358405.8777525,0,0,0.00,0.00,0.00,0.00,False
1751358405.9958003,0,0,0.00,0.00,0.00,0.00,False
1751358406.110037,0,0,0.00,0.00,0.00,0.00,False
1751358406.22428,0,0,0.00,0.00,0.00,0.00,False
1751358406.3349826,0,0,0.00,0.00,0.00,0.00,False
1751358406.4487867,0,0,0.00,0.00,0.00,0.00,False
1751358406.5565012,0,0,0.00,0.00,0.00,0.00,False
1751358406.660267,0,0,0.00,0.00,0.00,0.00,False
1751358406.76006,0,0,0.00,0.00,0.00,0.00,False
1751358406.8732946,0,0,0.00,0.00,0.00,0.00,False
1751358406.9740236,0,0,0.00,0.00,0.00,0.00,False
1751358407.0774155,0,0,0.00,0.00,0.00,0.00,False
1751358407.1756434,0,0,0.00,0.00,0.00,0.00,False
1751358407.2750564,0,0,0.00,0.00,0.00,0.00,False
1751358407.3767831,0,0,0.00,0.00,0.00,0.00,False
1751358407.4930856,0,0,0.00,0.00,0.00,0.00,False
1751358407.5943766,0,0,0.00,0.00,0.00,0.00,False
1751358407.6714423,0,0,0.00,0.00,0.00,0.00,False
1751358407.7701826,0,0,0.00,0.00,0.00,0.00,False
1751358407.8784559,0,0,0.00,0.00,0.00,0.00,False
1751358408.011586,0,0,0.00,0.00,0.00,0.00,False
1751358408.126406,0,0,0.00,0.00,0.00,0.00,False
1751358408.2683268,0,0,0.00,0.00,0.00,0.00,False
1751358408.4250958,0,0,0.00,0.00,0.00,0.00,False
1751358408.528994,0,0,0.00,0.00,0.00,0.00,False
1751358408.6388075,0,0,0.00,0.00,0.00,0.00,False
1751358408.7512465,0,0,0.00,0.00,0.00,0.00,False
1751358408.867762,0,0,0.00,0.00,0.00,0.00,False
1751358408.9785964,0,0,0.00,0.00,0.00,0.00,False
1751358409.0869455,0,0,0.00,0.00,0.00,0.00,False
1751358409.1928937,0,0,0.00,0.00,0.00,0.00,False
1751358409.3072143,0,0,0.00,0.00,0.00,0.00,False
1751358409.4197145,0,0,0.00,0.00,0.00,0.00,False
1751358409.5292656,0,0,0.00,0.00,0.00,0.00,False
1751358409.6362185,0,0,0.00,0.00,0.00,0.00,False
1751358409.7514722,0,0,0.00,0.00,0.00,0.00,False
1751358409.861876,0,0,0.00,0.00,0.00,0.00,False
1751358409.9729295,0,0,0.00,0.00,0.00,0.00,False
1751358410.0806415,0,0,0.00,0.00,0.00,0.00,False
1751358410.1914752,0,0,0.00,0.00,0.00,0.00,False
1751358410.3011956,0,0,0.00,0.00,0.00,0.00,False
1751358410.409877,0,0,0.00,0.00,0.00,0.00,False
1751358410.5472991,0,0,0.00,0.00,0.00,0.00,False
1751358410.7014048,0,0,0.00,0.00,0.00,0.00,False
1751358410.838741,0,0,0.00,0.00,0.00,0.00,False
1751358410.9736538,0,0,0.00,0.00,0.00,0.00,False
1751358411.092614,0,0,0.00,0.00,0.00,0.00,False
1751358411.2070835,0,0,0.00,0.00,0.00,0.00,False
1751358411.3188264,0,0,0.00,0.00,0.00,0.00,False
1751358411.4262376,0,0,0.00,0.00,0.00,0.00,False
1751358411.5370224,0,0,0.00,0.00,0.00,0.00,False
1751358411.6437337,0,0,0.00,0.00,0.00,0.00,False
1751358411.751454,0,0,0.00,0.00,0.00,0.00,False
1751358411.855749,0,0,0.00,0.00,0.00,0.00,False
1751358411.957511,0,0,0.00,0.00,0.00,0.00,False
1751358412.0622244,0,0,0.00,0.00,0.00,0.00,False
1751358412.1660094,0,0,0.00,0.00,0.00,0.00,False
1751358412.269298,0,0,0.00,0.00,0.00,0.00,False
1751358412.3734956,0,0,0.00,0.00,0.00,0.00,False
1751358412.4782784,0,0,0.00,0.00,0.00,0.00,False
1751358412.584462,0,0,0.00,0.00,0.00,0.00,False
1751358412.680345,0,0,0.00,0.00,0.00,0.00,False
1751358412.7697904,0,0,0.00,0.00,0.00,0.00,False
1751358412.861608,0,0,0.00,0.00,0.00,0.00,False
1751358412.9606717,0,0,0.00,0.00,0.00,0.00,False
1751358413.062382,0,0,0.00,0.00,0.00,0.00,False
1751358413.198661,0,0,0.00,0.00,0.00,0.00,False
1751358413.3204482,0,0,0.00,0.00,0.00,0.00,False
1751358413.4512775,0,0,0.00,0.00,0.00,0.00,False
1751358413.5782354,0,0,0.00,0.00,0.00,0.00,False
1751358413.6734354,0,0,0.00,0.00,0.00,0.00,False
1751358413.7894068,0,0,0.00,0.00,0.00,0.00,False
1751358413.903251,0,0,0.00,0.00,0.00,0.00,False
1751358414.0141497,0,0,0.00,0.00,0.00,0.00,False
1751358414.1213503,0,0,0.00,0.00,0.00,0.00,False
1751358414.2314377,0,0,0.00,0.00,0.00,0.00,False
1751358414.3377347,0,0,0.00,0.00,0.00,0.00,False
1751358414.446335,0,0,0.00,0.00,0.00,0.00,False
1751358414.5561745,0,0,0.00,0.00,0.00,0.00,False
1751358414.6658683,0,0,0.00,0.00,0.00,0.00,False
1751358414.779509,0,0,0.00,0.00,0.00,0.00,False
1751358414.8943756,0,0,0.00,0.00,0.00,0.00,False
1751358414.9978054,0,0,0.00,0.00,0.00,0.00,False
1751358415.122387,0,0,0.00,0.00,0.00,0.00,False
1751358415.2397785,0,0,0.00,0.00,0.00,0.00,False
1751358415.3524706,0,0,0.00,0.00,0.00,0.00,False
1751358415.4577787,0,0,0.00,0.00,0.00,0.00,False
1751358415.5624988,0,0,0.00,0.00,0.00,0.00,False
1751358415.7570748,0,0,0.00,0.00,0.00,0.00,False
1751358415.9133916,0,0,0.00,0.00,0.00,0.00,False
1751358416.026857,0,0,0.00,0.00,0.00,0.00,False
1751358416.1611967,0,0,0.00,0.00,0.00,0.00,False
1751358416.271135,0,0,0.00,0.00,0.00,0.00,False
1751358416.3907373,0,0,0.00,0.00,0.00,0.00,False
1751358416.4964569,0,0,0.00,0.00,0.00,0.00,False
1751358416.603013,0,0,0.00,0.00,0.00,0.00,False
1751358416.7112536,0,0,0.00,0.00,0.00,0.00,False
1751358416.8291707,0,0,0.00,0.00,0.00,0.00,False
1751358416.9698045,0,0,0.00,0.00,0.00,0.00,False
1751358417.1415985,0,0,0.00,0.00,0.00,0.00,False
1751358417.3077197,0,0,0.00,0.00,0.00,0.00,False
1751358417.408497,0,0,0.00,0.00,0.00,0.00,False
1751358417.5209885,0,0,0.00,0.00,0.00,0.00,False
1751358417.624232,0,0,0.00,0.00,0.00,0.00,False
1751358417.7236304,0,0,0.00,0.00,0.00,0.00,False
1751358417.833867,0,0,0.00,0.00,0.00,0.00,False
1751358417.9328668,0,0,0.00,0.00,0.00,0.00,False
1751358418.0283432,0,0,0.00,0.00,0.00,0.00,False
1751358418.130996,0,0,0.00,0.00,0.00,0.00,False
1751358418.2392108,0,0,0.00,0.00,0.00,0.00,False
1751358418.3983946,0,0,0.00,0.00,0.00,0.00,False
1751358418.5352545,0,0,0.00,0.00,0.00,0.00,False
1751358418.6808867,0,0,0.00,0.00,0.00,0.00,False
1751358418.8085613,0,0,0.00,0.00,0.00,0.00,False
1751358418.9183297,0,0,0.00,0.00,0.00,0.00,False
1751358419.0291185,0,0,0.00,0.00,0.00,0.00,False
1751358419.1370747,0,0,0.00,0.00,0.00,0.00,False
1751358419.245062,0,0,0.00,0.00,0.00,0.00,False
1751358419.3578155,0,0,0.00,0.00,0.00,0.00,False
1751358419.4698923,0,0,0.00,0.00,0.00,0.00,False
1751358419.5769641,0,0,0.00,0.00,0.00,0.00,False
1751358419.6862824,0,0,0.00,0.00,0.00,0.00,False
1751358419.7980201,0,0,0.00,0.00,0.00,0.00,False
1751358419.9208505,0,0,0.00,0.00,0.00,0.00,False
1751358420.0466893,0,0,0.00,0.00,0.00,0.00,False
1751358420.1713557,0,0,0.00,0.00,0.00,0.00,False
1751358420.2747276,0,0,0.00,0.00,0.00,0.00,False
1751358420.380489,0,0,0.00,0.00,0.00,0.00,False
1751358420.4882014,0,0,0.00,0.00,0.00,0.00,False
1751358420.5979698,0,0,0.00,0.00,0.00,0.00,False
1751358420.709125,0,0,0.00,0.00,0.00,0.00,False
1751358420.8570757,0,0,0.00,0.00,0.00,0.00,False
1751358421.0197086,0,0,0.00,0.00,0.00,0.00,False
1751358421.1348734,0,0,0.00,0.00,0.00,0.00,False
1751358421.2643294,0,0,0.00,0.00,0.00,0.00,False
1751358421.3795207,0,0,0.00,0.00,0.00,0.00,False
1751358421.4661484,0,0,0.00,0.00,0.00,0.00,False
1751358421.571441,0,0,0.00,0.00,0.00,0.00,False
1751358421.6736588,0,0,0.00,0.00,0.00,0.00,False
1751358421.7865975,0,0,0.00,0.00,0.00,0.00,False
1751358421.9004962,0,0,0.00,0.00,0.00,0.00,False
1751358422.0102203,0,0,0.00,0.00,0.00,0.00,False
1751358422.1175022,0,0,0.00,0.00,0.00,0.00,False
1751358422.2136905,0,0,0.00,0.00,0.00,0.00,False
1751358422.3130226,0,0,0.00,0.00,0.00,0.00,False
1751358422.4122293,0,0,0.00,0.00,0.00,0.00,False
1751358422.518537,0,0,0.00,0.00,0.00,0.00,False
1751358422.618803,0,0,0.00,0.00,0.00,0.00,False
1751358422.720067,0,0,0.00,0.00,0.00,0.00,False
1751358422.8220196,0,0,0.00,0.00,0.00,0.00,False
1751358422.9115973,0,0,0.00,0.00,0.00,0.00,False
1751358423.029724,0,0,0.00,0.00,0.00,0.00,False
1751358423.1354227,0,0,0.00,0.00,0.00,0.00,False
1751358423.2438858,0,0,0.00,0.00,0.00,0.00,False
1751358423.341623,0,0,0.00,0.00,0.00,0.00,False
1751358423.4885974,0,0,0.00,0.00,0.00,0.00,False
1751358423.6338582,0,0,0.00,0.00,0.00,0.00,False
1751358423.7806196,0,0,0.00,0.00,0.00,0.00,False
1751358423.9349573,0,0,0.00,0.00,0.00,0.00,False
1751358424.0887415,0,0,0.00,0.00,0.00,0.00,False
1751358424.2060335,0,0,0.00,0.00,0.00,0.00,False
1751358424.31275,0,0,0.00,0.00,0.00,0.00,False
1751358424.4230645,0,0,0.00,0.00,0.00,0.00,False
1751358424.5288692,0,0,0.00,0.00,0.00,0.00,False
1751358424.6446528,0,0,0.00,0.00,0.00,0.00,False
1751358424.7525845,0,0,0.00,0.00,0.00,0.00,False
1751358424.8692718,0,0,0.00,0.00,0.00,0.00,False
1751358424.9740267,0,0,0.00,0.00,0.00,0.00,False
1751358425.0907123,0,0,0.00,0.00,0.00,0.00,False
1751358425.195436,0,0,0.00,0.00,0.00,0.00,False
1751358425.3064146,0,0,0.00,0.00,0.00,0.00,False
1751358425.4221375,0,0,0.00,0.00,0.00,0.00,False
1751358425.5298522,0,0,0.00,0.00,0.00,0.00,False
1751358425.641579,0,0,0.00,0.00,0.00,0.00,False
1751358425.7494278,0,0,0.00,0.00,0.00,0.00,False
1751358425.8636463,0,0,0.00,0.00,0.00,0.00,False
1751358425.9699626,0,0,0.00,0.00,0.00,0.00,False
1751358426.1176424,0,0,0.00,0.00,0.00,0.00,False
1751358426.2608252,0,0,0.00,0.00,0.00,0.00,False
1751358426.39717,0,0,0.00,0.00,0.00,0.00,False
1751358426.5240033,0,0,0.00,0.00,0.00,0.00,False
1751358426.6356738,0,0,0.00,0.00,0.00,0.00,False
1751358426.741826,0,0,0.00,0.00,0.00,0.00,False
1751358426.8526711,0,0,0.00,0.00,0.00,0.00,False
1751358426.9523177,0,0,0.00,0.00,0.00,0.00,False
1751358427.0450852,0,0,0.00,0.00,0.00,0.00,False
1751358427.1496553,0,0,0.00,0.00,0.00,0.00,False
1751358427.2578394,0,0,0.00,0.00,0.00,0.00,False
1751358427.3585649,0,0,0.00,0.00,0.00,0.00,False
1751358427.4724176,0,0,0.00,0.00,0.00,0.00,False
1751358427.5592554,0,0,0.00,0.00,0.00,0.00,False
1751358427.653007,0,0,0.00,0.00,0.00,0.00,False
1751358427.752498,0,0,0.00,0.00,0.00,0.00,False
1751358427.8497694,0,0,0.00,0.00,0.00,0.00,False
1751358427.9524145,0,0,0.00,0.00,0.00,0.00,False
1751358428.0490894,0,0,0.00,0.00,0.00,0.00,False
1751358428.1481528,0,0,0.00,0.00,0.00,0.00,False
1751358428.2496476,0,0,0.00,0.00,0.00,0.00,False
1751358428.3596747,0,0,0.00,0.00,0.00,0.00,False
1751358428.4703836,0,0,0.00,0.00,0.00,0.00,False
1751358428.5781598,0,0,0.00,0.00,0.00,0.00,False
1751358428.7222438,0,0,0.00,0.00,0.00,0.00,False
1751358428.8449383,0,0,0.00,0.00,0.00,0.00,False
1751358428.9768796,0,0,0.00,0.00,0.00,0.00,False
1751358429.1089392,0,0,0.00,0.00,0.00,0.00,False
1751358429.2109385,0,0,0.00,0.00,0.00,0.00,False
1751358429.3267095,0,0,0.00,0.00,0.00,0.00,False
1751358429.438859,0,0,0.00,0.00,0.00,0.00,False
1751358429.5474226,0,0,0.00,0.00,0.00,0.00,False
1751358429.6525497,0,0,0.00,0.00,0.00,0.00,False
1751358429.7579532,0,0,0.00,0.00,0.00,0.00,False
1751358429.8566885,0,0,0.00,0.00,0.00,0.00,False
1751358429.9689443,0,0,0.00,0.00,0.00,0.00,False
1751358430.080906,0,0,0.00,0.00,0.00,0.00,False
1751358430.191039,0,0,0.00,0.00,0.00,0.00,False
1751358430.3061616,0,0,0.00,0.00,0.00,0.00,False
1751358430.423732,0,0,0.00,0.00,0.00,0.00,False
1751358430.53115,0,0,0.00,0.00,0.00,0.00,False
1751358430.6430404,0,0,0.00,0.00,0.00,0.00,False
1751358430.7550578,0,0,0.00,0.00,0.00,0.00,False
1751358430.871246,0,0,0.00,0.00,0.00,0.00,False
1751358430.9795134,0,0,0.00,0.00,0.00,0.00,False
1751358431.0837734,0,0,0.00,0.00,0.00,0.00,False
1751358431.2106442,0,0,0.00,0.00,0.00,0.00,False
1751358431.3612945,0,0,0.00,0.00,0.00,0.00,False
1751358431.4938264,0,0,0.00,0.00,0.00,0.00,False
1751358431.6337306,0,0,0.00,0.00,0.00,0.00,False
1751358431.748338,0,0,0.00,0.00,0.00,0.00,False
1751358431.855138,0,0,0.00,0.00,0.00,0.00,False
1751358431.96295,0,0,0.00,0.00,0.00,0.00,False
1751358432.0937762,0,0,0.00,0.00,0.00,0.00,False
1751358432.249921,0,0,0.00,0.00,0.00,0.00,False
1751358432.3936105,0,0,0.00,0.00,0.00,0.00,False
1751358432.529726,0,0,0.00,0.00,0.00,0.00,False
1751358432.6574259,0,0,0.00,0.00,0.00,0.00,False
1751358432.787929,0,0,0.00,0.00,0.00,0.00,False
1751358432.9110725,0,0,0.00,0.00,0.00,0.00,False
1751358433.0307024,0,0,0.00,0.00,0.00,0.00,False
1751358433.1160202,0,0,0.00,0.00,0.00,0.00,False
1751358433.2077727,0,0,0.00,0.00,0.00,0.00,False
1751358433.3071284,0,0,0.00,0.00,0.00,0.00,False
1751358433.4058628,0,0,0.00,0.00,0.00,0.00,False
1751358433.5240455,0,0,0.00,0.00,0.00,0.00,False
1751358433.6324608,0,0,0.00,0.00,0.00,0.00,False
1751358433.743056,0,0,0.00,0.00,0.00,0.00,False
1751358433.8928525,0,0,0.00,0.00,0.00,0.00,False
1751358434.0305126,0,0,0.00,0.00,0.00,0.00,False
1751358434.1697218,0,0,0.00,0.00,0.00,0.00,False
1751358434.2967775,0,0,0.00,0.00,0.00,0.00,False
1751358434.4174266,0,0,0.00,0.00,0.00,0.00,False
1751358434.5281513,0,0,0.00,0.00,0.00,0.00,False
1751358434.6398692,0,0,0.00,0.00,0.00,0.00,False
1751358434.7466984,0,0,0.00,0.00,0.00,0.00,False
1751358434.8566854,0,0,0.00,0.00,0.00,0.00,False
1751358434.9640138,0,0,0.00,0.00,0.00,0.00,False
1751358435.0718596,0,0,0.00,0.00,0.00,0.00,False
1751358435.180014,0,0,0.00,0.00,0.00,0.00,False
1751358435.2922094,0,0,0.00,0.00,0.00,0.00,False
1751358435.3993633,0,0,0.00,0.00,0.00,0.00,False
1751358435.5103328,0,0,0.00,0.00,0.00,0.00,False
1751358435.6215837,0,0,0.00,0.00,0.00,0.00,False
1751358435.728009,0,0,0.00,0.00,0.00,0.00,False
1751358435.8371062,0,0,0.00,0.00,0.00,0.00,False
1751358435.9450374,0,0,0.00,0.00,0.00,0.00,False
1751358436.050969,0,0,0.00,0.00,0.00,0.00,False
1751358436.152693,0,0,0.00,0.00,0.00,0.00,False
1751358436.2554169,0,0,0.00,0.00,0.00,0.00,False
1751358436.3747017,0,0,0.00,0.00,0.00,0.00,False
1751358436.5120647,0,0,0.00,0.00,0.00,0.00,False
1751358436.6288035,0,0,0.00,0.00,0.00,0.00,False
1751358436.7488627,0,0,0.00,0.00,0.00,0.00,False
1751358436.859627,0,0,0.00,0.00,0.00,0.00,False
1751358436.9544356,0,0,0.00,0.00,0.00,0.00,False
1751358437.0602338,0,0,0.00,0.00,0.00,0.00,False
1751358437.1604598,0,0,0.00,0.00,0.00,0.00,False
1751358437.2626586,0,0,0.00,0.00,0.00,0.00,False
1751358437.36639,0,0,0.00,0.00,0.00,0.00,False
1751358437.4685755,0,0,0.00,0.00,0.00,0.00,False
1751358437.5653841,0,0,0.00,0.00,0.00,0.00,False
1751358437.6624517,0,0,0.00,0.00,0.00,0.00,False
1751358437.7595444,0,0,0.00,0.00,0.00,0.00,False
1751358437.8603249,0,0,0.00,0.00,0.00,0.00,False
1751358437.9614766,0,0,0.00,0.00,0.00,0.00,False
1751358438.0582466,0,0,0.00,0.00,0.00,0.00,False
1751358438.1573904,0,0,0.00,0.00,0.00,0.00,False
1751358438.2531285,0,0,0.00,0.00,0.00,0.00,False
1751358438.3522632,0,0,0.00,0.00,0.00,0.00,False
1751358438.45327,0,0,0.00,0.00,0.00,0.00,False
1751358438.5591576,0,0,0.00,0.00,0.00,0.00,False
1751358438.6776714,0,0,0.00,0.00,0.00,0.00,False
1751358438.8040695,0,0,0.00,0.00,0.00,0.00,False
1751358438.9327316,0,0,0.00,0.00,0.00,0.00,False
1751358439.0838823,0,0,0.00,0.00,0.00,0.00,False
1751358439.2021182,0,0,0.00,0.00,0.00,0.00,False
1751358439.3362215,0,0,0.00,0.00,0.00,0.00,False
1751358439.468787,0,0,0.00,0.00,0.00,0.00,False
1751358439.5791159,0,0,0.00,0.00,0.00,0.00,False
1751358439.6975968,0,0,0.00,0.00,0.00,0.00,False
1751358439.819787,0,0,0.00,0.00,0.00,0.00,False
1751358439.9360363,0,0,0.00,0.00,0.00,0.00,False
1751358440.0533395,0,0,0.00,0.00,0.00,0.00,False
1751358440.1701584,0,0,0.00,0.00,0.00,0.00,False
1751358440.2864556,0,0,0.00,0.00,0.00,0.00,False
1751358440.4068356,0,0,0.00,0.00,0.00,0.00,False
1751358440.5449884,0,0,0.00,0.00,0.00,0.00,False
1751358440.6542609,0,0,0.00,0.00,0.00,0.00,False
1751358440.7607253,0,0,0.00,0.00,0.00,0.00,False
1751358440.9056654,0,0,0.00,0.00,0.00,0.00,False
1751358441.0287607,0,0,0.00,0.00,0.00,0.00,False
1751358441.1395247,0,0,0.00,0.00,0.00,0.00,False
1751358441.2337425,0,0,0.00,0.00,0.00,0.00,False
1751358441.3400052,0,0,0.00,0.00,0.00,0.00,False
1751358441.461953,0,0,0.00,0.00,0.00,0.00,False
1751358441.6133323,0,0,0.00,0.00,0.00,0.00,False
1751358441.73543,0,0,0.00,0.00,0.00,0.00,False
1751358441.861353,0,0,0.00,0.00,0.00,0.00,False
1751358441.980382,0,0,0.00,0.00,0.00,0.00,False
1751358442.0772,0,0,0.00,0.00,0.00,0.00,False
1751358442.1669638,0,0,0.00,0.00,0.00,0.00,False
1751358442.2646139,0,0,0.00,0.00,0.00,0.00,False
1751358442.3725307,0,0,0.00,0.00,0.00,0.00,False
1751358442.4742553,0,0,0.00,0.00,0.00,0.00,False
1751358442.5722463,0,0,0.00,0.00,0.00,0.00,False
1751358442.6775782,0,0,0.00,0.00,0.00,0.00,False
1751358442.777469,0,0,0.00,0.00,0.00,0.00,False
1751358442.8781884,0,0,0.00,0.00,0.00,0.00,False
1751358442.9789464,0,0,0.00,0.00,0.00,0.00,False
1751358443.06982,0,0,0.00,0.00,0.00,0.00,False
1751358443.154593,0,0,0.00,0.00,0.00,0.00,False
1751358443.257775,0,0,0.00,0.00,0.00,0.00,False
1751358443.3555152,0,0,0.00,0.00,0.00,0.00,False
1751358443.4514751,0,0,0.00,0.00,0.00,0.00,False
1751358443.5391004,0,0,0.00,0.00,0.00,0.00,False
1751358443.628931,0,0,0.00,0.00,0.00,0.00,False
1751358443.7407982,0,0,0.00,0.00,0.00,0.00,False
1751358443.8497012,0,0,0.00,0.00,0.00,0.00,False
1751358443.9584653,0,0,0.00,0.00,0.00,0.00,False
1751358444.1076143,0,0,0.00,0.00,0.00,0.00,False
1751358444.2530556,0,0,0.00,0.00,0.00,0.00,False
1751358444.3691275,0,0,0.00,0.00,0.00,0.00,False
1751358444.5287557,0,0,0.00,0.00,0.00,0.00,False
1751358444.6456087,0,0,0.00,0.00,0.00,0.00,False
1751358444.7697523,0,0,0.00,0.00,0.00,0.00,False
1751358444.8887959,0,0,0.00,0.00,0.00,0.00,False
1751358445.0034134,0,0,0.00,0.00,0.00,0.00,False
1751358445.124304,0,0,0.00,0.00,0.00,0.00,False
1751358445.241263,0,0,0.00,0.00,0.00,0.00,False
1751358445.3585243,0,0,0.00,0.00,0.00,0.00,False
1751358445.4889824,0,0,0.00,0.00,0.00,0.00,False
1751358445.6768396,0,0,0.00,0.00,0.00,0.00,False
1751358445.8069365,0,0,0.00,0.00,0.00,0.00,False
1751358445.9711194,0,0,0.00,0.00,0.00,0.00,False
1751358446.1275723,0,0,0.00,0.00,0.00,0.00,False
1751358446.2499833,0,0,0.00,0.00,0.00,0.00,False
1751358446.3670714,0,0,0.00,0.00,0.00,0.00,False
1751358446.485871,0,0,0.00,0.00,0.00,0.00,False
1751358446.619077,0,0,0.00,0.00,0.00,0.00,False
1751358446.796078,0,0,0.00,0.00,0.00,0.00,False
1751358447.6936803,0,0,0.00,0.00,0.00,0.00,False
1751358447.9692342,0,0,0.00,0.00,0.00,0.00,False
1751358448.175016,0,0,0.00,0.00,0.00,0.00,False
1751358448.3505929,0,0,0.00,0.00,0.00,0.00,False
1751358448.5357573,0,0,0.00,0.00,0.00,0.00,False
1751358448.6996806,0,0,0.00,0.00,0.00,0.00,False
1751358448.8887236,0,0,0.00,0.00,0.00,0.00,False
1751358449.0672488,0,0,0.00,0.00,0.00,0.00,False
1751358449.2710419,0,0,0.00,0.00,0.00,0.00,False
1751358449.438854,0,0,0.00,0.00,0.00,0.00,False
1751358449.571492,0,0,0.00,0.00,0.00,0.00,False
1751358449.6856966,0,0,0.00,0.00,0.00,0.00,False
1751358449.8199818,0,0,0.00,0.00,0.00,0.00,False
1751358449.9427052,0,0,0.00,0.00,0.00,0.00,False
1751358450.0554664,0,0,0.00,0.00,0.00,0.00,False
1751358450.1688786,0,0,0.00,0.00,0.00,0.00,False
1751358450.287557,0,0,0.00,0.00,0.00,0.00,False
1751358450.3942728,0,0,0.00,0.00,0.00,0.00,False
1751358450.508126,0,0,0.00,0.00,0.00,0.00,False
1751358450.6180415,0,0,0.00,0.00,0.00,0.00,False
1751358450.7311745,0,0,0.00,0.00,0.00,0.00,False
1751358450.855787,0,0,0.00,0.00,0.00,0.00,False
1751358450.9598768,0,0,0.00,0.00,0.00,0.00,False
1751358451.0658746,0,0,0.00,0.00,0.00,0.00,False
1751358451.1746879,0,0,0.00,0.00,0.00,0.00,False
1751358451.291136,0,0,0.00,0.00,0.00,0.00,False
1751358451.4018433,0,0,0.00,0.00,0.00,0.00,False
1751358451.5640154,0,0,0.00,0.00,0.00,0.00,False
1751358451.695411,0,0,0.00,0.00,0.00,0.00,False
1751358451.8249757,0,0,0.00,0.00,0.00,0.00,False
1751358451.9543703,0,0,0.00,0.00,0.00,0.00,False
1751358452.0572975,0,0,0.00,0.00,0.00,0.00,False
1751358452.1486506,0,0,0.00,0.00,0.00,0.00,False
1751358452.2610934,0,0,0.00,0.00,0.00,0.00,False
1751358452.3663912,0,0,0.00,0.00,0.00,0.00,False
1751358452.4668522,0,0,0.00,0.00,0.00,0.00,False
1751358452.5730052,0,0,0.00,0.00,0.00,0.00,False
1751358452.6797426,0,0,0.00,0.00,0.00,0.00,False
1751358452.787005,0,0,0.00,0.00,0.00,0.00,False
1751358452.8924756,0,0,0.00,0.00,0.00,0.00,False
1751358452.9912136,0,0,0.00,0.00,0.00,0.00,False
1751358453.0911162,0,0,0.00,0.00,0.00,0.00,False
1751358453.2006538,0,0,0.00,0.00,0.00,0.00,False
1751358453.2894144,0,0,0.00,0.00,0.00,0.00,False
1751358453.3697677,0,0,0.00,0.00,0.00,0.00,False
1751358453.4707248,0,0,0.00,0.00,0.00,0.00,False
1751358453.5716815,0,0,0.00,0.00,0.00,0.00,False
1751358453.672408,0,0,0.00,0.00,0.00,0.00,False
1751358453.7755828,0,0,0.00,0.00,0.00,0.00,False
1751358453.8806643,0,0,0.00,0.00,0.00,0.00,False
1751358453.9889123,0,0,0.00,0.00,0.00,0.00,False
1751358454.1525364,0,0,0.00,0.00,0.00,0.00,False
1751358454.285907,0,0,0.00,0.00,0.00,0.00,False
1751358454.4238646,0,0,0.00,0.00,0.00,0.00,False
1751358454.5938714,0,0,0.00,0.00,0.00,0.00,False
1751358454.7243505,0,0,0.00,0.00,0.00,0.00,False
1751358454.857298,0,0,0.00,0.00,0.00,0.00,False
1751358454.9571283,0,0,0.00,0.00,0.00,0.00,False
1751358455.0621157,0,0,0.00,0.00,0.00,0.00,False
1751358455.1728191,0,0,0.00,0.00,0.00,0.00,False
1751358455.2869658,0,0,0.00,0.00,0.00,0.00,False
1751358455.3886504,0,0,0.00,0.00,0.00,0.00,False
1751358455.5009966,0,0,0.00,0.00,0.00,0.00,False
1751358455.6179678,0,0,0.00,0.00,0.00,0.00,False
1751358455.7294025,0,0,0.00,0.00,0.00,0.00,False
1751358455.8456335,0,0,0.00,0.00,0.00,0.00,False
1751358455.9501092,0,0,0.00,0.00,0.00,0.00,False
1751358456.0582273,0,0,0.00,0.00,0.00,0.00,False
1751358456.1706135,0,0,0.00,0.00,0.00,0.00,False
1751358456.2783656,0,0,0.00,0.00,0.00,0.00,False
1751358456.3903477,0,0,0.00,0.00,0.00,0.00,False
1751358456.4971437,0,0,0.00,0.00,0.00,0.00,False
1751358456.6085343,0,0,0.00,0.00,0.00,0.00,False
1751358456.7406871,0,0,0.00,0.00,0.00,0.00,False
1751358456.8875172,0,0,0.00,0.00,0.00,0.00,False
1751358457.0156069,0,0,0.00,0.00,0.00,0.00,False
1751358457.166817,0,0,0.00,0.00,0.00,0.00,False
1751358457.3084388,0,0,0.00,0.00,0.00,0.00,False
1751358457.4007695,0,0,0.00,0.00,0.00,0.00,False
1751358457.5043032,0,0,0.00,0.00,0.00,0.00,False
1751358457.60724,0,0,0.00,0.00,0.00,0.00,False
1751358457.7127159,0,0,0.00,0.00,0.00,0.00,False
1751358457.8269322,0,0,0.00,0.00,0.00,0.00,False
1751358457.927082,0,0,0.00,0.00,0.00,0.00,False
1751358458.0309825,0,0,0.00,0.00,0.00,0.00,False
1751358458.1297681,0,0,0.00,0.00,0.00,0.00,False
1751358458.2266798,0,0,0.00,0.00,0.00,0.00,False
1751358458.329945,0,0,0.00,0.00,0.00,0.00,False
1751358458.432213,0,0,0.00,0.00,0.00,0.00,False
1751358458.5361753,0,0,0.00,0.00,0.00,0.00,False
1751358458.635464,0,0,0.00,0.00,0.00,0.00,False
1751358458.7352397,0,0,0.00,0.00,0.00,0.00,False
1751358458.838173,0,0,0.00,0.00,0.00,0.00,False
1751358458.9438918,0,0,0.00,0.00,0.00,0.00,False
1751358459.062594,0,0,0.00,0.00,0.00,0.00,False
1751358459.1683297,0,0,0.00,0.00,0.00,0.00,False
1751358459.275146,0,0,0.00,0.00,0.00,0.00,False
1751358459.4226325,0,0,0.00,0.00,0.00,0.00,False
1751358459.5517423,0,0,0.00,0.00,0.00,0.00,False
1751358459.685649,0,0,0.00,0.00,0.00,0.00,False
1751358459.813422,0,0,0.00,0.00,0.00,0.00,False
1751358459.9188435,0,0,0.00,0.00,0.00,0.00,False
1751358460.0339005,0,0,0.00,0.00,0.00,0.00,False
1751358460.1424243,0,0,0.00,0.00,0.00,0.00,False
1751358460.2551208,0,0,0.00,0.00,0.00,0.00,False
1751358460.3738687,0,0,0.00,0.00,0.00,0.00,False
1751358460.4904952,0,0,0.00,0.00,0.00,0.00,False
1751358460.5956764,0,0,0.00,0.00,0.00,0.00,False
1751358460.7288377,0,0,0.00,0.00,0.00,0.00,False
1751358460.8614898,0,0,0.00,0.00,0.00,0.00,False
1751358460.9692008,0,0,0.00,0.00,0.00,0.00,False
1751358461.0858893,0,0,0.00,0.00,0.00,0.00,False
1751358461.1939957,0,0,0.00,0.00,0.00,0.00,False
1751358461.2977273,0,0,0.00,0.00,0.00,0.00,False
1751358461.3939664,0,0,0.00,0.00,0.00,0.00,False
1751358461.4997637,0,0,0.00,0.00,0.00,0.00,False
1751358461.6095083,0,0,0.00,0.00,0.00,0.00,False
1751358461.7234519,0,0,0.00,0.00,0.00,0.00,False
1751358461.846003,0,0,0.00,0.00,0.00,0.00,False
1751358461.990349,0,0,0.00,0.00,0.00,0.00,False
1751358462.1128936,0,0,0.00,0.00,0.00,0.00,False
1751358462.2334704,0,0,0.00,0.00,0.00,0.00,False
1751358462.3501885,0,0,0.00,0.00,0.00,0.00,False
1751358462.4623222,0,0,0.00,0.00,0.00,0.00,False
1751358462.559507,0,0,0.00,0.00,0.00,0.00,False
1751358462.6625717,0,0,0.00,0.00,0.00,0.00,False
1751358462.7732842,0,0,0.00,0.00,0.00,0.00,False
1751358462.8860145,0,0,0.00,0.00,0.00,0.00,False
1751358462.9868987,0,0,0.00,0.00,0.00,0.00,False
1751358463.0890486,0,0,0.00,0.00,0.00,0.00,False
1751358463.1872973,0,0,0.00,0.00,0.00,0.00,False
1751358463.2850318,0,0,0.00,0.00,0.00,0.00,False
1751358463.3843112,0,0,0.00,0.00,0.00,0.00,False
1751358463.4833317,0,0,0.00,0.00,0.00,0.00,False
1751358463.5850549,0,0,0.00,0.00,0.00,0.00,False
1751358463.6860013,0,0,0.00,0.00,0.00,0.00,False
1751358463.7938166,0,0,0.00,0.00,0.00,0.00,False
1751358463.8966484,0,0,0.00,0.00,0.00,0.00,False
1751358464.0033634,0,0,0.00,0.00,0.00,0.00,False
1751358464.1112683,0,0,0.00,0.00,0.00,0.00,False
1751358464.223968,0,0,0.00,0.00,0.00,0.00,False
1751358464.3336565,0,0,0.00,0.00,0.00,0.00,False
1751358464.45862,0,0,0.00,0.00,0.00,0.00,False
1751358464.625246,0,0,0.00,0.00,0.00,0.00,False
1751358464.8012748,0,0,0.00,0.00,0.00,0.00,False
1751358464.972594,0,0,0.00,0.00,0.00,0.00,False
1751358465.10469,0,0,0.00,0.00,0.00,0.00,False
1751358465.1953573,0,0,0.00,0.00,0.00,0.00,False
1751358465.2932556,0,0,0.00,0.00,0.00,0.00,False
1751358465.4255438,0,0,0.00,0.00,0.00,0.00,False
1751358465.678198,0,0,0.00,0.00,0.00,0.00,False
1751358465.8714728,0,0,0.00,0.00,0.00,0.00,False
1751358465.995183,0,0,0.00,0.00,0.00,0.00,False
1751358466.15397,0,0,0.00,0.00,0.00,0.00,False
1751358466.3176315,0,0,0.00,0.00,0.00,0.00,False
1751358466.4920197,0,0,0.00,0.00,0.00,0.00,False
1751358466.6340072,0,0,0.00,0.00,0.00,0.00,False
1751358466.7774384,0,0,0.00,0.00,0.00,0.00,False
1751358466.9727833,0,0,0.00,0.00,0.00,0.00,False
1751358467.1211104,0,0,0.00,0.00,0.00,0.00,False
1751358467.3226438,0,0,0.00,0.00,0.00,0.00,False
1751358467.467533,0,0,0.00,0.00,0.00,0.00,False
1751358467.610749,0,0,0.00,0.00,0.00,0.00,False
1751358467.793112,0,0,0.00,0.00,0.00,0.00,False
1751358467.9640014,0,0,0.00,0.00,0.00,0.00,False
1751358468.129338,0,0,0.00,0.00,0.00,0.00,False
1751358468.2614958,0,0,0.00,0.00,0.00,0.00,False
1751358468.374251,0,0,0.00,0.00,0.00,0.00,False
1751358468.506177,0,0,0.00,0.00,0.00,0.00,False
1751358468.62707,0,0,0.00,0.00,0.00,0.00,False
1751358468.761083,0,0,0.00,0.00,0.00,0.00,False
1751358468.870913,0,0,0.00,0.00,0.00,0.00,False
1751358468.9719691,0,0,0.00,0.00,0.00,0.00,False
1751358469.0908513,0,0,0.00,0.00,0.00,0.00,False
1751358469.2051604,0,0,0.00,0.00,0.00,0.00,False
1751358469.3288374,0,0,0.00,0.00,0.00,0.00,False
1751358469.4479275,0,0,0.00,0.00,0.00,0.00,False
1751358469.567617,0,0,0.00,0.00,0.00,0.00,False
1751358469.7049334,0,0,0.00,0.00,0.00,0.00,False
1751358469.8351364,0,0,0.00,0.00,0.00,0.00,False
1751358469.9800413,0,0,0.00,0.00,0.00,0.00,False
1751358470.1357582,0,0,0.00,0.00,0.00,0.00,False
1751358470.2753885,0,0,0.00,0.00,0.00,0.00,False
1751358470.4596334,0,0,0.00,0.00,0.00,0.00,False
1751358470.6399531,0,0,0.00,0.00,0.00,0.00,False
1751358470.8378365,0,0,0.00,0.00,0.00,0.00,False
1751358471.0508115,0,0,0.00,0.00,0.00,0.00,False
1751358471.2265744,0,0,0.00,0.00,0.00,0.00,False
1751358471.3876274,0,0,0.00,0.00,0.00,0.00,False
1751358471.5149405,0,0,0.00,0.00,0.00,0.00,False
1751358471.6386929,0,0,0.00,0.00,0.00,0.00,False
1751358471.75975,0,0,0.00,0.00,0.00,0.00,False
1751358471.9076915,0,0,0.00,0.00,0.00,0.00,False
1751358472.029361,0,0,0.00,0.00,0.00,0.00,False
1751358472.144689,0,0,0.00,0.00,0.00,0.00,False
1751358472.247068,0,0,0.00,0.00,0.00,0.00,False
1751358472.3583872,0,0,0.00,0.00,0.00,0.00,False
1751358472.4561555,0,0,0.00,0.00,0.00,0.00,False
1751358472.5677457,0,0,0.00,0.00,0.00,0.00,False
1751358472.6694686,0,0,0.00,0.00,0.00,0.00,False
1751358472.7798536,0,0,0.00,0.00,0.00,0.00,False
1751358472.888623,0,0,0.00,0.00,0.00,0.00,False
1751358472.9909067,0,0,0.00,0.00,0.00,0.00,False
1751358473.0916915,0,0,0.00,0.00,0.00,0.00,False
1751358473.1937513,0,0,0.00,0.00,0.00,0.00,False
1751358473.306693,0,0,0.00,0.00,0.00,0.00,False
1751358473.4463203,0,0,0.00,0.00,0.00,0.00,False
1751358473.5635118,0,0,0.00,0.00,0.00,0.00,False
1751358473.6819315,0,0,0.00,0.00,0.00,0.00,False
1751358473.8306565,0,0,0.00,0.00,0.00,0.00,False
1751358473.9273586,0,0,0.00,0.00,0.00,0.00,False
1751358474.0084958,0,0,0.00,0.00,0.00,0.00,False
1751358474.1118581,0,0,0.00,0.00,0.00,0.00,False
1751358474.2220361,0,0,0.00,0.00,0.00,0.00,False
1751358474.3378215,0,0,0.00,0.00,0.00,0.00,False
1751358474.45463,0,0,0.00,0.00,0.00,0.00,False
1751358474.6185136,0,0,0.00,0.00,0.00,0.00,False
1751358474.7549686,0,0,0.00,0.00,0.00,0.00,False
1751358474.8708637,0,0,0.00,0.00,0.00,0.00,False
1751358474.9875968,0,0,0.00,0.00,0.00,0.00,False
1751358475.1461825,0,0,0.00,0.00,0.00,0.00,False
1751358475.3230531,0,0,0.00,0.00,0.00,0.00,False
1751358475.5348463,0,0,0.00,0.00,0.00,0.00,False
1751358475.6897094,0,0,0.00,0.00,0.00,0.00,False
1751358475.8719218,0,0,0.00,0.00,0.00,0.00,False
1751358476.0916302,0,0,0.00,0.00,0.00,0.00,False
1751358476.266996,0,0,0.00,0.00,0.00,0.00,False
1751358476.3998656,0,0,0.00,0.00,0.00,0.00,False
1751358476.55214,0,0,0.00,0.00,0.00,0.00,False
1751358476.6734927,0,0,0.00,0.00,0.00,0.00,False
1751358476.791389,0,0,0.00,0.00,0.00,0.00,False
1751358476.9081442,0,0,0.00,0.00,0.00,0.00,False
1751358477.0319295,0,0,0.00,0.00,0.00,0.00,False
1751358477.1451337,0,0,0.00,0.00,0.00,0.00,False
1751358477.2601044,0,0,0.00,0.00,0.00,0.00,False
1751358477.381136,0,0,0.00,0.00,0.00,0.00,False
1751358477.5042276,0,0,0.00,0.00,0.00,0.00,False
1751358477.6201549,0,0,0.00,0.00,0.00,0.00,False
1751358477.7271907,0,0,0.00,0.00,0.00,0.00,False
1751358477.8392909,0,0,0.00,0.00,0.00,0.00,False
1751358477.946031,0,0,0.00,0.00,0.00,0.00,False
1751358478.0547452,0,0,0.00,0.00,0.00,0.00,False
1751358478.1587129,0,0,0.00,0.00,0.00,0.00,False
1751358478.2694168,0,0,0.00,0.00,0.00,0.00,False
1751358478.3777764,0,0,0.00,0.00,0.00,0.00,False
1751358478.495502,0,0,0.00,0.00,0.00,0.00,False
1751358478.604622,0,0,0.00,0.00,0.00,0.00,False
1751358478.7298257,0,0,0.00,0.00,0.00,0.00,False
1751358478.8513997,0,0,0.00,0.00,0.00,0.00,False
1751358478.9639764,0,0,0.00,0.00,0.00,0.00,False
1751358479.0806746,0,0,0.00,0.00,0.00,0.00,False
1751358479.1762912,0,0,0.00,0.00,0.00,0.00,False
1751358479.2844687,0,0,0.00,0.00,0.00,0.00,False
1751358479.4019122,0,0,0.00,0.00,0.00,0.00,False
1751358479.5112896,0,0,0.00,0.00,0.00,0.00,False
1751358479.622394,0,0,0.00,0.00,0.00,0.00,False
1751358479.732939,0,0,0.00,0.00,0.00,0.00,False
1751358479.8537102,0,0,0.00,0.00,0.00,0.00,False
1751358479.9592743,0,0,0.00,0.00,0.00,0.00,False
1751358480.0959358,0,0,0.00,0.00,0.00,0.00,False
1751358480.219743,0,0,0.00,0.00,0.00,0.00,False
1751358480.3137412,0,0,0.00,0.00,0.00,0.00,False
1751358480.4256146,0,0,0.00,0.00,0.00,0.00,False
1751358480.5365531,0,0,0.00,0.00,0.00,0.00,False
1751358480.6508133,0,0,0.00,0.00,0.00,0.00,False
1751358480.7592106,0,0,0.00,0.00,0.00,0.00,False
1751358480.8788562,0,0,0.00,0.00,0.00,0.00,False
1751358480.9895642,0,0,0.00,0.00,0.00,0.00,False
1751358481.102691,0,0,0.00,0.00,0.00,0.00,False
1751358481.2445855,0,0,0.00,0.00,0.00,0.00,False
1751358481.422716,0,0,0.00,0.00,0.00,0.00,False
1751358481.5591345,0,0,0.00,0.00,0.00,0.00,False
1751358481.7015693,0,0,0.00,0.00,0.00,0.00,False
1751358481.8244255,0,0,0.00,0.00,0.00,0.00,False
1751358481.9441369,0,0,0.00,0.00,0.00,0.00,False
1751358482.0740724,0,0,0.00,0.00,0.00,0.00,False
1751358482.1854644,0,0,0.00,0.00,0.00,0.00,False
1751358482.2887278,0,0,0.00,0.00,0.00,0.00,False
1751358482.3954964,0,0,0.00,0.00,0.00,0.00,False
1751358482.4976246,0,0,0.00,0.00,0.00,0.00,False
1751358482.6073186,0,0,0.00,0.00,0.00,0.00,False
1751358482.7164774,0,0,0.00,0.00,0.00,0.00,False
1751358482.826285,0,0,0.00,0.00,0.00,0.00,False
1751358482.927017,0,0,0.00,0.00,0.00,0.00,False
1751358483.026058,0,0,0.00,0.00,0.00,0.00,False
1751358483.1338854,0,0,0.00,0.00,0.00,0.00,False
1751358483.24122,0,0,0.00,0.00,0.00,0.00,False
1751358483.342532,0,0,0.00,0.00,0.00,0.00,False
1751358483.4432948,0,0,0.00,0.00,0.00,0.00,False
1751358483.5322433,0,0,0.00,0.00,0.00,0.00,False
1751358483.620995,0,0,0.00,0.00,0.00,0.00,False
1751358483.7185872,0,0,0.00,0.00,0.00,0.00,False
1751358483.8594837,0,0,0.00,0.00,0.00,0.00,False
1751358483.983615,0,0,0.00,0.00,0.00,0.00,False
1751358484.086119,0,0,0.00,0.00,0.00,0.00,False
1751358484.2136261,0,0,0.00,0.00,0.00,0.00,False
1751358484.3134556,0,0,0.00,0.00,0.00,0.00,False
1751358484.4092033,0,0,0.00,0.00,0.00,0.00,False
1751358484.5190372,0,0,0.00,0.00,0.00,0.00,False
1751358484.6369972,0,0,0.00,0.00,0.00,0.00,False
1751358484.7406375,0,0,0.00,0.00,0.00,0.00,False
1751358484.8636537,0,0,0.00,0.00,0.00,0.00,False
1751358484.9728873,0,0,0.00,0.00,0.00,0.00,False
1751358485.079605,0,0,0.00,0.00,0.00,0.00,False
1751358485.190549,0,0,0.00,0.00,0.00,0.00,False
1751358485.296372,0,0,0.00,0.00,0.00,0.00,False
1751358485.4041338,0,0,0.00,0.00,0.00,0.00,False
1751358485.5121653,0,0,0.00,0.00,0.00,0.00,False
1751358485.6363173,0,0,0.00,0.00,0.00,0.00,False
1751358485.7450254,0,0,0.00,0.00,0.00,0.00,False
1751358485.8590205,0,0,0.00,0.00,0.00,0.00,False
1751358485.9705348,0,0,0.00,0.00,0.00,0.00,False
1751358486.080256,0,0,0.00,0.00,0.00,0.00,False
1751358486.2048159,0,0,0.00,0.00,0.00,0.00,False
1751358486.3384583,0,0,0.00,0.00,0.00,0.00,False
1751358486.498219,0,0,0.00,0.00,0.00,0.00,False
1751358486.625019,0,0,0.00,0.00,0.00,0.00,False
1751358486.7691505,0,0,0.00,0.00,0.00,0.00,False
1751358486.889969,0,0,0.00,0.00,0.00,0.00,False
1751358487.001937,0,0,0.00,0.00,0.00,0.00,False
1751358487.1081362,0,0,0.00,0.00,0.00,0.00,False
1751358487.2169466,0,0,0.00,0.00,0.00,0.00,False
1751358487.3260806,0,0,0.00,0.00,0.00,0.00,False
1751358487.4330204,0,0,0.00,0.00,0.00,0.00,False
1751358487.5377288,0,0,0.00,0.00,0.00,0.00,False
1751358487.6449192,0,0,0.00,0.00,0.00,0.00,False
1751358487.752915,0,0,0.00,0.00,0.00,0.00,False
1751358487.8691876,0,0,0.00,0.00,0.00,0.00,False
1751358487.9760714,0,0,0.00,0.00,0.00,0.00,False
1751358488.081159,0,0,0.00,0.00,0.00,0.00,False
1751358488.1854346,0,0,0.00,0.00,0.00,0.00,False
1751358488.300044,0,0,0.00,0.00,0.00,0.00,False
1751358488.413791,0,0,0.00,0.00,0.00,0.00,False
1751358488.5355651,0,0,0.00,0.00,0.00,0.00,False
1751358488.6442761,0,0,0.00,0.00,0.00,0.00,False
1751358488.7480924,0,0,0.00,0.00,0.00,0.00,False
1751358488.8562129,0,0,0.00,0.00,0.00,0.00,False
1751358488.9981155,0,0,0.00,0.00,0.00,0.00,False
1751358489.1028545,0,0,0.00,0.00,0.00,0.00,False
1751358489.1986532,0,0,0.00,0.00,0.00,0.00,False
1751358489.3074062,0,0,0.00,0.00,0.00,0.00,False
1751358489.4025583,0,0,0.00,0.00,0.00,0.00,False
1751358489.5071065,0,0,0.00,0.00,0.00,0.00,False
1751358489.6180055,0,0,0.00,0.00,0.00,0.00,False
1751358489.7273011,0,0,0.00,0.00,0.00,0.00,False
1751358489.852533,0,0,0.00,0.00,0.00,0.00,False
1751358489.9657629,0,0,0.00,0.00,0.00,0.00,False
1751358490.0761392,0,0,0.00,0.00,0.00,0.00,False
1751358490.2107666,0,0,0.00,0.00,0.00,0.00,False
1751358490.3280332,0,0,0.00,0.00,0.00,0.00,False
1751358490.4397683,0,0,0.00,0.00,0.00,0.00,False
1751358490.5456097,0,0,0.00,0.00,0.00,0.00,False
1751358490.6578858,0,0,0.00,0.00,0.00,0.00,False
1751358490.7731113,0,0,0.00,0.00,0.00,0.00,False
1751358490.8842745,0,0,0.00,0.00,0.00,0.00,False
1751358490.9988236,0,0,0.00,0.00,0.00,0.00,False
1751358491.1095793,0,0,0.00,0.00,0.00,0.00,False
1751358491.2228403,0,0,0.00,0.00,0.00,0.00,False
1751358491.3301544,0,0,0.00,0.00,0.00,0.00,False
1751358491.4736347,0,0,0.00,0.00,0.00,0.00,False
1751358491.603297,0,0,0.00,0.00,0.00,0.00,False
1751358491.7393477,0,0,0.00,0.00,0.00,0.00,False
1751358491.8857477,0,0,0.00,0.00,0.00,0.00,False
1751358491.9866595,0,0,0.00,0.00,0.00,0.00,False
1751358492.0945098,0,0,0.00,0.00,0.00,0.00,False
1751358492.2026155,0,0,0.00,0.00,0.00,0.00,False
1751358492.3119252,0,0,0.00,0.00,0.00,0.00,False
1751358492.4228,0,0,0.00,0.00,0.00,0.00,False
1751358492.5329993,0,0,0.00,0.00,0.00,0.00,False
1751358492.6407826,0,0,0.00,0.00,0.00,0.00,False
1751358492.7527757,0,0,0.00,0.00,0.00,0.00,False
1751358492.8597286,0,0,0.00,0.00,0.00,0.00,False
1751358492.9610212,0,0,0.00,0.00,0.00,0.00,False
1751358493.0673077,0,0,0.00,0.00,0.00,0.00,False
1751358493.1689413,0,0,0.00,0.00,0.00,0.00,False
1751358493.2719421,0,0,0.00,0.00,0.00,0.00,False
1751358493.3922515,0,0,0.00,0.00,0.00,0.00,False
1751358493.4759898,0,0,0.00,0.00,0.00,0.00,False
1751358493.5796564,0,0,0.00,0.00,0.00,0.00,False
1751358493.6763976,0,0,0.00,0.00,0.00,0.00,False
1751358493.7843966,0,0,0.00,0.00,0.00,0.00,False
1751358493.8863027,0,0,0.00,0.00,0.00,0.00,False
1751358494.007246,0,0,0.00,0.00,0.00,0.00,False
1751358494.1420486,0,0,0.00,0.00,0.00,0.00,False
1751358494.2596552,0,0,0.00,0.00,0.00,0.00,False
1751358494.3732905,0,0,0.00,0.00,0.00,0.00,False
1751358494.47791,0,0,0.00,0.00,0.00,0.00,False
1751358494.5856242,0,0,0.00,0.00,0.00,0.00,False
1751358494.6898766,0,0,0.00,0.00,0.00,0.00,False
1751358494.8228137,0,0,0.00,0.00,0.00,0.00,False
1751358494.9285698,0,0,0.00,0.00,0.00,0.00,False
1751358495.041259,0,0,0.00,0.00,0.00,0.00,False
1751358495.1524932,0,0,0.00,0.00,0.00,0.00,False
1751358495.2598562,0,0,0.00,0.00,0.00,0.00,False
1751358495.3675659,0,0,0.00,0.00,0.00,0.00,False
1751358495.4943852,0,0,0.00,0.00,0.00,0.00,False
1751358495.625871,0,0,0.00,0.00,0.00,0.00,False
1751358495.744539,0,0,0.00,0.00,0.00,0.00,False
1751358495.87378,0,0,0.00,0.00,0.00,0.00,False
1751358495.980741,0,0,0.00,0.00,0.00,0.00,False
1751358496.090513,0,0,0.00,0.00,0.00,0.00,False
1751358496.2013056,0,0,0.00,0.00,0.00,0.00,False
1751358496.305989,0,0,0.00,0.00,0.00,0.00,False
1751358496.4221888,0,0,0.00,0.00,0.00,0.00,False
1751358496.5493827,0,0,0.00,0.00,0.00,0.00,False
1751358496.68984,0,0,0.00,0.00,0.00,0.00,False
1751358496.8311799,0,0,0.00,0.00,0.00,0.00,False
1751358496.9548204,0,0,0.00,0.00,0.00,0.00,False
1751358497.0665817,0,0,0.00,0.00,0.00,0.00,False
1751358497.172866,0,0,0.00,0.00,0.00,0.00,False
1751358497.2829323,0,0,0.00,0.00,0.00,0.00,False
1751358497.388582,0,0,0.00,0.00,0.00,0.00,False
1751358497.4992104,0,0,0.00,0.00,0.00,0.00,False
1751358497.6055648,0,0,0.00,0.00,0.00,0.00,False
1751358497.7068017,0,0,0.00,0.00,0.00,0.00,False
1751358497.8851862,3.201662063598633,3.7166171073913574,0.42,0.51,1.16,1.91,True
1751358498.0787768,0,0,0.00,0.00,0.00,0.00,False
1751358498.204142,0,0,0.00,0.00,0.00,0.00,False
1751358498.3393269,0,0,0.00,0.00,0.00,0.00,False
1751358498.4743738,3.201662063598633,4.472236156463623,0.42,0.61,0.97,1.71,True
1751358498.6012695,8.860122680664062,3.6401548385620117,1.16,0.50,0.92,1.33,False
1751358498.7214303,5.590270042419434,0,0.73,0.00,0.80,0.84,False
1751358498.8465338,3.201662063598633,4.717090606689453,0.42,0.65,0.63,0.45,False
1751358498.9422762,0,0,0.00,0.00,0.00,0.00,False
1751358499.048102,3.201662063598633,0,0.42,0.00,0.63,0.35,False
1751358499.1884236,0,0,0.00,0.00,0.00,0.00,False
1751358499.3026252,0,0,0.00,0.00,0.00,0.00,False
1751358499.4213133,0,4.301262855529785,0.00,0.59,0.55,0.35,False
1751358499.534847,0,0,0.00,0.00,0.00,0.00,False
1751358499.6451764,0,0,0.00,0.00,0.00,0.00,False
1751358499.788139,0,0,0.00,0.00,0.00,0.00,False
1751358499.90315,3.201662063598633,0,0.42,0.00,0.40,0.25,False
1751358500.0138664,0,0,0.00,0.00,0.00,0.00,False
1751358500.12356,0,0,0.00,0.00,0.00,0.00,False
1751358500.2352653,0,0,0.00,0.00,0.00,0.00,False
1751358500.357721,3.201662063598633,0,0.42,0.00,0.33,0.25,False
1751358500.4838722,3.3542017936706543,5.147915363311768,0.44,0.70,0.34,0.26,False
1751358500.604547,3.6056511402130127,0,0.47,0.00,0.35,0.26,False
1751358500.7227995,3.5356338024139404,4.924529075622559,0.46,0.67,0.44,0.28,False
1751358500.8380795,0,0,0.00,0.00,0.00,0.00,False
1751358500.9563835,0,3.6401548385620117,0.00,0.50,0.36,0.38,False
1751358501.0827105,4.743516445159912,4.123205661773682,0.62,0.56,0.40,0.49,False
1751358501.2005897,0,0,0.00,0.00,0.00,0.00,False
1751358501.3072717,0,0,0.00,0.00,0.00,0.00,False
1751358501.4183857,0,0,0.00,0.00,0.00,0.00,False
1751358501.527301,0,0,0.00,0.00,0.00,0.00,False
1751358501.680462,0,0,0.00,0.00,0.00,0.00,False
1751358501.816621,0,0,0.00,0.00,0.00,0.00,False
1751358501.9709427,0,0,0.00,0.00,0.00,0.00,False
1751358502.1248097,0,0,0.00,0.00,0.00,0.00,False
1751358502.2524498,0,0,0.00,0.00,0.00,0.00,False
1751358502.3580878,0,0,0.00,0.00,0.00,0.00,False
1751358502.463514,0,0,0.00,0.00,0.00,0.00,False
1751358502.5740812,0,0,0.00,0.00,0.00,0.00,False
1751358502.686278,0,0,0.00,0.00,0.00,0.00,False
1751358502.8110967,0,0,0.00,0.00,0.00,0.00,False
1751358502.9230068,0,0,0.00,0.00,0.00,0.00,False
1751358503.0372078,0,0,0.00,0.00,0.00,0.00,False
1751358503.1435323,0,0,0.00,0.00,0.00,0.00,False
1751358503.2491035,0,0,0.00,0.00,0.00,0.00,False
1751358503.3531978,0,0,0.00,0.00,0.00,0.00,False
1751358503.4512064,0,0,0.00,0.00,0.00,0.00,False
1751358503.547053,0,0,0.00,0.00,0.00,0.00,False
1751358503.6482484,0,0,0.00,0.00,0.00,0.00,False
1751358503.752115,0,0,0.00,0.00,0.00,0.00,False
1751358503.8510659,0,0,0.00,0.00,0.00,0.00,False
1751358503.9501565,0,0,0.00,0.00,0.00,0.00,False
1751358504.0543728,0,0,0.00,0.00,0.00,0.00,False
1751358504.1541524,0,0,0.00,0.00,0.00,0.00,False
1751358504.2788177,0,0,0.00,0.00,0.00,0.00,False
1751358504.40117,0,0,0.00,0.00,0.00,0.00,False
1751358504.5181837,0,0,0.00,0.00,0.00,0.00,False
1751358504.6294694,0,0,0.00,0.00,0.00,0.00,False
1751358504.7520323,0,0,0.00,0.00,0.00,0.00,False
1751358504.875846,0,0,0.00,0.00,0.00,0.00,False
1751358504.9795673,0,0,0.00,0.00,0.00,0.00,False
1751358505.0972607,0,0,0.00,0.00,0.00,0.00,False
1751358505.2059622,0,0,0.00,0.00,0.00,0.00,False
1751358505.3166862,0,0,0.00,0.00,0.00,0.00,False
1751358505.424019,0,0,0.00,0.00,0.00,0.00,False
1751358505.536052,0,0,0.00,0.00,0.00,0.00,False
1751358505.645803,0,0,0.00,0.00,0.00,0.00,False
1751358505.7564852,0,0,0.00,0.00,0.00,0.00,False
1751358505.8714309,0,0,0.00,0.00,0.00,0.00,False
1751358505.9741642,0,0,0.00,0.00,0.00,0.00,False
1751358506.0992842,0,0,0.00,0.00,0.00,0.00,False
1751358506.2047906,0,0,0.00,0.00,0.00,0.00,False
1751358506.31193,0,0,0.00,0.00,0.00,0.00,False
1751358506.4208794,0,0,0.00,0.00,0.00,0.00,False
1751358506.541123,0,0,0.00,0.00,0.00,0.00,False
1751358506.6793034,0,0,0.00,0.00,0.00,0.00,False
1751358506.8283257,0,0,0.00,0.00,0.00,0.00,False
1751358506.9521618,0,0,0.00,0.00,0.00,0.00,False
1751358507.0853145,0,0,0.00,0.00,0.00,0.00,False
1751358507.2319307,0,0,0.00,0.00,0.00,0.00,False
1751358507.3426828,0,0,0.00,0.00,0.00,0.00,False
1751358507.449937,0,0,0.00,0.00,0.00,0.00,False
1751358507.557928,0,0,0.00,0.00,0.00,0.00,False
1751358507.6717913,0,0,0.00,0.00,0.00,0.00,False
1751358507.785011,0,0,0.00,0.00,0.00,0.00,False
1751358507.8969643,0,0,0.00,0.00,0.00,0.00,False
1751358508.0067933,0,0,0.00,0.00,0.00,0.00,False
1751358508.131969,0,0,0.00,0.00,0.00,0.00,False
1751358508.2510746,0,0,0.00,0.00,0.00,0.00,False
1751358508.3597798,0,0,0.00,0.00,0.00,0.00,False
1751358508.4641438,0,0,0.00,0.00,0.00,0.00,False
1751358508.5763447,0,0,0.00,0.00,0.00,0.00,False
1751358508.6811159,0,0,0.00,0.00,0.00,0.00,False
